Index,Reply A,Reply B,Result
2,"Here is a potential reply:_x000d__x000d_
_x000d__x000d_
Subject: Re: Cancellation of Lunch Talk this Week_x000d__x000d_
_x000d__x000d_
Hi Ze Sheng,_x000d__x000d_
_x000d__x000d_
Thanks for letting me know about the cancellation of this week's lunch talk. I appreciate your understanding and apologize for any inconvenience this may cause._x000d__x000d_
_x000d__x000d_
I'm always interested in sharing my ideas and would love to stay updated on future sessions. I'll make sure to reach out to you directly at zesheng@tamu.edu if that's okay with you._x000d__x000d_
_x000d__x000d_
Wishing you a great week ahead as well!_x000d__x000d_
_x000d__x000d_
Best regards,_x000d__x000d_
[Your Name]",12012,model1
3,"Here's a potential reply:_x000d__x000d_
_x000d__x000d_
Subject: Re: Recruitment Support for ACE Lab Research Study_x000d__x000d_
_x000d__x000d_
Dear Jason,_x000d__x000d_
_x000d__x000d_
Thank you for reaching out to me about the recruitment efforts for Dr. Farzan Sasangohar's (ISEN) ACE lab research study on digital procedure timestamps in a virtual environment. I'm happy to help spread the word and support your team's research._x000d__x000d_
_x000d__x000d_
I've attached the email with the necessary details as requested. I'll forward it to my undergraduate and graduate Computer Science and Engineering student email distribution lists, and also share the flyer with any relevant groups who might be interested._x000d__x000d_
_x000d__x000d_
If you need any additional information or have any questions, please don't hesitate to reach out to me. I'm looking forward to seeing your team's research come to fruition!_x000d__x000d_
_x000d__x000d_
Best regards,_x000d__x000d_
[Your Name]",14288,model1
4,"Here's a potential reply:_x000d__x000d_
_x000d__x000d_
Subject: Re: Homework Assignment - HW5_x000d__x000d_
_x000d__x000d_
Dear Professor Andrew,_x000d__x000d_
_x000d__x000d_
Thank you for assigning HW5 and providing the deadline. I just wanted to confirm that I understand it is due on Thursday, March 27th. If I have any questions or need clarification on the assignment, I plan to attend your office hours._x000d__x000d_
_x000d__x000d_
Looking forward to completing the homework._x000d__x000d_
_x000d__x000d_
Best regards,_x000d__x000d_
[Your Name]",13135,tie
5,"Here's a potential reply:_x000d__x000d_
_x000d__x000d_
Subject: Re: Complete TAMU Glacier Account_x000d__x000d_
_x000d__x000d_
Dear [Name],_x000d__x000d_
_x000d__x000d_
I'm glad to hear that we can assist you in completing the setup of my TAMU Glacier account. I appreciate the reset link for TAMU, and I'll take care of updating it as soon as possible._x000d__x000d_
_x000d__x000d_
If you need any further assistance or have any questions regarding the process, please don't hesitate to reach out. I'd be more than happy to help._x000d__x000d_
_x000d__x000d_
Thank you again for your help with this matter!_x000d__x000d_
_x000d__x000d_
Best regards,_x000d__x000d_
[Your Name]",9383,tie
6,"Here's a potential reply:_x000d__x000d_
_x000d__x000d_
Subject: Re: Join us for Fishing on Sunday?_x000d__x000d_
_x000d__x000d_
Hi Jeff,_x000d__x000d_
_x000d__x000d_
That sounds like a great plan! I'd love to join you and Franklin for some fishing this Sunday. 10 AM works perfectly for me._x000d__x000d_
_x000d__x000d_
Looking forward to it!_x000d__x000d_
_x000d__x000d_
Best regards,_x000d__x000d_
[Your Name]",7086,tie
7,"Since there's no content in the email, I'll need to create a response based on a common scenario. Here's a possible reply:_x000d__x000d_
_x000d__x000d_
Subject: Re: Planning Meeting for Tomorrow Afternoon_x000d__x000d_
_x000d__x000d_
Hi Jeff,_x000d__x000d_
_x000d__x000d_
Thank you for letting me know about the planning meeting tomorrow afternoon. I'm interested in joining and would like to confirm the 1pm departure time. Is that okay with everyone, or should we discuss any other details beforehand?_x000d__x000d_
_x000d__x000d_
Looking forward to hearing back from you._x000d__x000d_
_x000d__x000d_
Best regards,_x000d__x000d_
[Your Name]",9505,model1
8,"Here's a potential reply:_x000d__x000d_
_x000d__x000d_
Dear Jeff,_x000d__x000d_
_x000d__x000d_
I'm looking forward to meeting you in town at 9:30AM. The plan sounds like a great adventure! I'll make sure to pack comfortable clothing for the forest, including long sleeves and long pants._x000d__x000d_
_x000d__x000d_
Just to confirm, is Irwin Bridge the final destination or are we planning on exploring the surrounding area as well? Also, do you have any information about the forest's terrain and potential obstacles we might encounter?_x000d__x000d_
_x000d__x000d_
Looking forward to seeing you then!_x000d__x000d_
_x000d__x000d_
Best regards,_x000d__x000d_
[Your Name]",8988,tie
9,"Here is a potential reply to the email:_x000d__x000d_
_x000d__x000d_
Hi Jeff,_x000d__x000d_
_x000d__x000d_
Just got your confirmation! I'll make sure to bring my state park pass and fill out the entrance form. I'm looking forward to meeting you and Franklin at Irwin Bridge around 10:30 AM._x000d__x000d_
_x000d__x000d_
See you soon!_x000d__x000d_
_x000d__x000d_
Best regards, [Your Name]",5317,tie
10,"Since there is no text in the original email, I'll provide a neutral response._x000d__x000d_
_x000d__x000d_
Here's a potential reply:_x000d__x000d_
_x000d__x000d_
Dear Jeff,_x000d__x000d_
_x000d__x000d_
Thank you for reaching out. I look forward to hearing from you again soon._x000d__x000d_
_x000d__x000d_
Best regards,_x000d__x000d_
[Your Name]",9216,tie
11,"Here's a potential response:_x000d__x000d_
_x000d__x000d_
Dear [Email Sender],_x000d__x000d_
_x000d__x000d_
Thank you for confirming the payment of the outstanding balance in my account, specifically for International Withholding Tax. I appreciate your assistance with this matter._x000d__x000d_
_x000d__x000d_
I do not have any immediate questions regarding this transaction. However, if there are any further communications or updates required from me, please don't hesitate to reach out._x000d__x000d_
_x000d__x000d_
Thank you again for your help and support._x000d__x000d_
_x000d__x000d_
Best regards,_x000d__x000d_
[Your Name]",14165,tie
12,"It seems like there's no content in the email you provided, so I'll assume it's an empty template. If that's the case, here's a generic reply:_x000d_
_x000d_
Dear Shuning,_x000d_
_x000d_
Thank you for your kind words and for clarifying the matter. I'm glad I could assist you._x000d_
_x000d_
Best regards,_x000d_
Andrea",9315,model1
13,"Here's a potential response:_x000d_
_x000d_
Hi Shuning,_x000d_
_x000d_
You're welcome! I'm glad I could help clarify things for you. If you have any further questions or concerns, feel free to reach out._x000d_
_x000d_
Best regards,_x000d_
Andrea",4735,model1
14,"Here's a potential response:_x000d_
_x000d_
Dear Shuning,_x000d_
_x000d_
Thank you for reaching out again regarding the outstanding balance on your account. I apologize for any inconvenience this has caused._x000d_
_x000d_
To clarify, the $30.80 balance is indeed for International Withholding tax, which is your responsibility to pay. However, since it was already paid in full by another payment, there should be no additional action required from you._x000d_
_x000d_
If you have any questions or concerns about this or any other matter, please don't hesitate to contact me directly. I'm here to help._x000d_
_x000d_
Best regards,_x000d_
Andrea M. Bernal_x000d_
Business Coordinator III_x000d_
Department of Computer Science and Engineering_x000d_
Texas A&M University",29803,model1
15,"Here's a potential reply:_x000d_
_x000d_
Subject: Re: International Withholding Tax and Unpaid Tuition Balance_x000d_
_x000d_
Dear Shuning,_x000d_
_x000d_
Thank you for following up on the outstanding balance of $30.80 on your account, which was due by January 17th. I'm glad to hear that the in-state tuition waiver has been applied successfully to your account._x000d_
_x000d_
As per our previous conversation, I informed you that you are responsible for paying the International Withholding tax. However, it appears that there is still an outstanding balance of $30.80 that needs to be settled._x000d_
_x000d_
To resolve this matter, could you please proceed with making the payment for the International Withholding tax as soon as possible? You can find more information on how to make payments on our university's website or by contacting the Cashier's Office directly._x000d_
_x000d_
If you have any questions or concerns regarding the payment process, feel free to reach out to me. I'm here to assist you._x000d_
_x000d_
Best regards,_x000d_
_x000d_
Andrea M. Bernal_x000d_
Business Coordinator III_x000d_
Department of Computer Science and Engineering_x000d_
Texas A&M University",47887,model1
16,"Here is a potential reply to the email:_x000d_
_x000d_
Dear Shuning,_x000d_
_x000d_
Thank you for your patience and understanding regarding the tuition payment issue. I'm glad to hear that the payment has been applied successfully to your account, as previously confirmed._x000d_
_x000d_
However, it appears that there may have been an issue with the initial payment application. I had previously re-applied the in-state tuition waiver to your account to resolve this matter. Could you please check your account again and confirm if the $30.80 balance has been cleared?_x000d_
_x000d_
Additionally, regarding the International Withholding tax, you are correct that this is a responsibility of yours. I will make sure to update my records accordingly._x000d_
_x000d_
Please let me know if you have any further questions or concerns. If there's anything else I can assist you with, please don't hesitate to reach out._x000d_
_x000d_
Best regards,_x000d_
Andrea M. Bernal_x000d_
Business Coordinator III_x000d_
Department of Computer Science and Engineering_x000d_
Texas A&M University",41708,model1
17,"Here's a potential response to Shuning Gu's email:_x000d_
_x000d_
Subject: Re: Balance on Account - International Withholding Tax_x000d_
_x000d_
Dear Shuning,_x000d_
_x000d_
Thank you for reaching out regarding the outstanding balance on your account. I have checked on the status of your tuition payment, and it appears that the in-state tuition waiver was applied successfully, but the tuition payment itself did not get processed._x000d_
_x000d_
I re-applied the payment earlier this week, and please check your account tomorrow morning to see if the payment has been applied. If you do not see the payment, please let me know as soon as possible so we can investigate further._x000d_
_x000d_
Regarding the International Withholding Tax, I will make sure to look into it for you. You are responsible for paying this tax, and I will provide you with a summary of the amount due and any additional information you may need._x000d_
_x000d_
Please keep in mind that you are currently classified as a research assistant, but your tuition has not yet been paid. I recommend verifying your classification status and payment options with our department to ensure everything is up-to-date._x000d_
_x000d_
If you have any further questions or concerns, please don't hesitate to reach out. I'm here to assist you._x000d_
_x000d_
Best regards,_x000d_
Andrea M. Bernal_x000d_
Business Coordinator III_x000d_
Department of Computer Science and Engineering_x000d_
Texas A&M University",30996,model1
18,"Here's a potential reply:_x000d_
_x000d_
Dear [Sender's Name],_x000d_
_x000d_
Thank you for making the payment to my account. I have received confirmation of the payment, and the outstanding balance has been settled._x000d_
_x000d_
Could you please confirm that the payment covers the full amount due for International Withholding Tax? If there are any additional fees or charges associated with this payment, please let me know so I can take the necessary steps to resolve them._x000d_
_x000d_
If you have any questions or concerns regarding the payment or my account, please don't hesitate to reach out. I appreciate your prompt attention to this matter and look forward to hearing back from you._x000d_
_x000d_
Thank you again for your timely payment._x000d_
_x000d_
Best regards,_x000d_
[Your Name]",16253,model1
19,"Here's a potential response:_x000d_
_x000d_
Subject: Re: In-state Tuition Waiver Application_x000d_
_x000d_
Dear [Name],_x000d_
_x000d_
Thank you for re-applying the in-state tuition waiver to my account. I will check my account tomorrow morning as per your instructions and follow up with you if there are any issues._x000d_
_x000d_
Please let me know if you have any further questions or concerns._x000d_
_x000d_
Best regards,_x000d_
[Your Name]",11423,tie
20,"Here's a possible reply:_x000d_
_x000d_
Dear [Name],_x000d_
_x000d_
Thank you for following up on my tuition payment and for re-applying the in-state tuition waiver to my account. I appreciate your efforts to resolve this issue._x000d_
_x000d_
I will make sure to check my account first thing tomorrow morning as you suggested, and I'll get back to you if there are any further issues or concerns._x000d_
_x000d_
Thank you again for your help with this matter._x000d_
_x000d_
Best regards,_x000d_
[Your Name]",11607,model1
21,"Here's a possible reply:

Dear [Name],

Thanks for letting me know about I-Film tonight! I'm looking forward to seeing 'The Life of Pi' at the Rudder Auditorium. Will be there at 7 PM.

Best regards,
[Your Name]",9586,model1
